,2_features,4_features,6_features,8_features,10_features
roc_auc,0.8439281956685114,0.8504304160688665,0.8521254013800643,0.8988299856527977,0.895461774953884
f1_macro,0.7643307181514082,0.792525733922323,0.7992673145978502,0.8050254013631573,0.8041775659080965
accuracy,0.7728260869565218,0.7978260869565218,0.807608695652174,0.8119565217391305,0.8097826086956521
recall,0.6580392156862744,0.7720784313725491,0.805372549019608,0.8152941176470587,0.8015294117647059
precision,0.9187906668043562,0.8660496182789046,0.8644852854356188,0.8601463397290626,0.8636803368573798
jaccard,0.6118309303987749,0.6845073114387911,0.7079145104344098,0.7141244937939852,0.7034611527676544
best_estimator,"KNeighborsClassifier(n_neighbors=13, p=1)",KNeighborsClassifier(n_neighbors=11),KNeighborsClassifier(n_neighbors=13),"KNeighborsClassifier(n_neighbors=9, p=1)",KNeighborsClassifier(n_neighbors=11)
